tamanho_residencia,num_moradores,temperatura_media,idade_edificio,ar_condicionado,aquecimento_eletrico,renda_familiar,consumo_energia
139.86856612044932,4,24.36434279174001,24,0,1,5.369594147673042,653.0302889792849
114.46942795315262,1,20.6140739968915,20,0,0,5.523694129912284,460.7256465869929
145.9075415240277,3,22.3635702787989,37,1,1,7.168262969637623,825.5977243321488
180.92119425632103,5,22.438351627888483,20,1,1,7.227732692281561,984.7550327515366
110.63386501106656,3,23.712298899691255,12,0,1,4.510878919213941,623.3945043308754
110.63452172203277,3,21.352726519451306,33,1,0,5.171254676589632,591.2102135160844
183.16851262029564,1,20.94393393072226,28,1,0,6.890208509665413,618.7815289371227
150.69738916611635,1,29.671548729606158,8,0,1,4.40215868816247,473.44604253617047
101.22102456260191,1,30.248270889301725,1,0,0,8.412236869548567,440.9180818074095
141.7024017434386,2,18.097283273762955,37,0,0,7.218350466880482,517.1047987615499
101.4632922875015,4,11.20201300363558,22,0,1,6.343019096389686,763.6689500022262
101.37080985718973,2,30.316874247854656,6,1,1,6.781881196561839,718.2985273884685
129.67849086264135,4,18.855997907239313,21,0,1,5.0662187661184,658.4163524457607
43.46879021368808,4,26.0637241922987,32,0,0,4.747417155624762,509.44430060395973
51.00328669947869,3,17.171640634858914,35,1,1,5.150555567722558,684.1993837886336
97.50849883036109,3,31.488774926298362,15,1,1,6.999933384519699,716.3208680618559
79.48675518662304,4,37.71833947650764,5,1,0,6.402029961417307,817.271890147164
132.56989330381094,4,25.914034546026684,6,1,0,5.15457108061458,712.5975618357913
83.67903697915156,2,24.529486757702415,25,0,0,7.499163486615311,461.29711376077296
63.50785194658834,2,23.38930212404968,40,0,0,5.652107155327692,410.6011232237415
178.62595075686215,3,28.90899655656456,29,1,1,4.613378508821664,821.5972456861359
110.96894798053857,1,27.838433754672927,7,1,0,6.508683018597042,583.7318978293836
122.70112818751696,4,30.017492267764325,40,0,1,3.9739409767543243,673.2803138827351
63.01007255146173,2,21.860417387009587,13,1,1,2.6255525001285975,638.4441898278322
98.2246910189927,3,26.700588532023225,38,1,0,5.989790848869472,711.653726234447
124.43690358839464,2,22.28765966646902,18,1,1,4.685172412578233,668.5376783902245
73.96025690310789,4,19.711421759649728,2,1,0,5.491691294660301,552.7579919058719
135.02792073382687,4,24.794922894982683,8,1,1,4.0665341637111005,787.537831892311
95.9744524032478,5,20.38743634811459,11,1,0,8.41786427940514,826.4836293889742
108.33225000826893,1,30.86863498871294,33,1,1,4.677014512143724,636.5130228929878
95.93173551082413,5,20.690398109920885,38,1,0,5.13600124365838,1000.0
194.0911273803575,3,26.8177297034368,27,1,0,6.755766535166469,748.1837153422064
119.46011101048265,2,21.982888506201387,20,1,1,3.246771403354634,646.9744071386759
77.69156284176398,3,26.38531375218756,12,0,0,3.0989004535025915,426.3475435774318
152.90179648412754,4,22.380017132723218,31,0,0,6.761905671386826,563.2809829738115
71.1662540011591,5,18.71394362571231,27,1,0,5.110104739075661,669.4111238816853
128.3545438001902,5,27.418863704759225,32,1,1,4.197009786211688,816.4964070784163
41.613195044808975,5,23.82292189043389,10,0,0,7.20674634589464,657.0749984520392
66.87255804406277,3,26.429924703612297,3,1,0,4.376156681784014,606.9915823393128
127.87444943476494,4,22.85578532184781,27,1,0,5.450975400902151,721.7527170475892
149.53866319981643,2,18.36031743115774,35,0,0,4.207739064054975,992.0082386545334
126.85473124759882,2,30.415892985281282,31,0,0,6.6068743724996475,543.1809504991314
115.37406870447037,3,28.683788777205443,15,0,0,8.664152385433548,559.5646903529993
107.95585217642845,5,22.16519512223378,16,1,0,2.2779201413357706,636.0396563890897
60.8591203853029,1,25.34889606749399,13,0,0,6.225315377501292,438.3987331003307
91.20623166421166,3,30.210097415814687,35,1,0,7.713176883772701,742.6931614252469
101.5744491616085,3,22.714808320688014,11,0,1,5.157044505388454,597.0860086178285
162.2848890487566,4,23.490577474047242,21,1,0,3.7379152514082294,717.595973303524
133.74473158273847,2,26.21816250003687,11,1,0,6.841927054254807,674.2554836467997
49.47839378549064,3,22.70454468222707,30,0,0,8.0033070067542,592.4893281984839
132.9633587757918,3,29.285459984935112,35,1,0,7.781044355290938,768.6672443225004
104.59670878334734,5,24.15549609846281,22,1,1,6.731818675829655,831.5940093764248
92.92311998776165,5,21.07982062503013,38,0,0,6.195827475217284,627.0236128821754
144.46705155363472,1,28.043194149369974,31,1,0,4.201974889231398,607.6856610361368
161.23998089983803,4,19.289346752843265,14,1,0,7.730489900687884,774.7863270992352
157.25120476464795,1,35.074392805621066,24,1,0,7.619913626705015,672.3434226269509
86.43129907109446,5,32.91248181790101,32,0,0,3.723883362689466,615.9713535491225
107.63150496595142,2,27.567477384605077,36,0,0,6.728959455692983,494.4691774154926
133.25053725614256,5,27.14665510909951,32,1,0,7.3056477510395705,818.8876679599183
159.02180508489437,4,26.91220708909649,15,0,1,7.764227544151013,767.7283553218516
100.8330304861884,5,22.554526070405466,35,1,0,5.850020761745559,767.9905043700627
112.57364093344731,4,26.48654822840421,3,0,0,4.284864851707712,536.3712806301979
75.74660103975887,4,20.384336947710757,16,1,1,4.99576764027191,744.1617099537535
72.15173503677318,4,27.519092092200907,5,1,1,3.985500283088077,711.3680319297555
152.50103289576793,4,29.33923471515648,21,0,0,5.897878669770035,725.2271935561876
174.24960114283292,4,23.109569495083328,10,1,1,5.506229206862619,845.9845795399631
117.11959513678664,2,22.024491029226404,19,1,1,10.290072841537414,765.8371762312203
160.14131591568096,1,18.93761487676045,25,1,0,7.789354284876263,637.5660718307875
134.46544100190536,3,32.28977616782846,4,0,0,7.939096133778194,655.9474449510725
94.19520981579502,1,22.421679830788943,29,1,0,6.942704981655457,611.8338274477627
134.45582422033655,4,24.006304819916885,19,1,1,5.265364706662964,869.0180688047483
181.52146265863877,2,26.500777924978628,2,1,0,5.449220082363852,688.439241660001
118.56695843560193,5,26.411038214449672,10,1,0,5.632261400366759,763.2915481580702
182.58574623256024,2,28.73280047840535,25,1,1,6.376466545402268,768.7522253443693
15.210195836410222,4,23.103350400808356,20,0,0,6.778339620446896,518.2827412322949
152.87610017500896,2,19.306660307645434,19,0,0,6.001417255361043,497.63654515479357
123.48188272952684,2,18.43167345513842,23,1,0,5.418803045313734,603.3130589496611
108.0397059813653,4,22.103723835785768,24,1,0,4.811768739024031,671.5185574599382
123.67043106142009,2,20.24074762662688,11,1,1,3.214702484433493,678.1137981089189
40.49724341596429,3,23.481916473461208,34,1,0,8.566758330093302,678.8837897657568
111.21312448649952,3,31.537894053799914,28,0,1,10.411059136530827,662.080457210954
134.28450286046984,2,23.113608970581556,5,1,0,8.398673561856501,611.2946451942897
179.11576178966064,5,23.111745693327215,5,1,0,3.4818687481385076,713.2240609405646
99.2691912690541,4,24.918006118721056,21,0,1,7.5740331392817835,688.9228002940711
87.66025588427249,3,22.97187504393967,12,1,0,8.047552603241632,674.8841001318042
99.92971825661854,5,24.66304382140903,4,0,0,5.193124602757284,590.3463883043361
156.61608470808295,2,27.704346112406732,20,1,0,6.977854479278058,717.5766806535144
133.15004438638738,5,29.423755273816568,38,0,1,5.087393934954761,703.74233728043
98.80959184931845,1,30.01606599869512,25,0,0,9.05785798962748,520.461754413608
140.53069732453423,3,35.2842611036551,14,0,0,6.730741844430628,613.4196284790618
123.88310197392161,2,27.84679723086219,11,0,0,4.165689017257903,523.4936463705035
158.74579962131557,4,36.17239450674654,32,1,0,7.339616196018676,1000.0
91.9178762449059,2,21.117590959701786,11,1,1,8.117561346980494,788.7556916298776
106.89351413608927,4,35.45642451212292,18,0,0,6.396263302271751,610.978855308487
104.3156738747137,2,23.09811972890205,27,1,0,6.958883383486537,580.7134578898937
61.45940207471526,5,23.58990534618482,18,1,0,5.860493141542404,707.5891775473028
131.84481108258305,5,24.40063726288563,23,1,0,3.731439093707533,834.0139033024063
130.44221088719559,5,23.906896444206346,11,1,1,5.696532483158984,884.5474718677011
120.20453826569843,1,25.429201983632517,21,1,0,7.046079265927116,619.107754903399
110.61651466499413,4,22.099859987557803,5,1,1,5.743946264033524,1000.0
63.38517031798343,5,29.149810865356862,23,0,0,7.601530853479182,628.6003819849717
103.17418708938564,1,22.235824826894103,25,1,0,5.215636877604831,537.0200171297338
106.29141933892922,4,28.27805199126446,10,1,1,5.346818345098345,785.3226233738885
87.90890923113524,2,32.638618097618824,22,1,0,7.662239995987809,749.9528745449471
113.54857153335963,1,23.2144881509613,19,1,1,6.44370503360609,659.1668145521713
136.16203427258154,3,28.971917089895886,1,0,1,5.176556837688817,595.7247994749358
195.4474360484212,1,27.795796444515922,7,1,0,8.067610752017249,658.6325535141356
126.98311251327355,1,36.26443441109875,4,1,0,4.622528564098944,640.3529711876562
130.30201562891057,4,22.47584717577525,1,0,1,4.546102081965302,674.5488204448986
117.02216336935331,2,28.97535808402892,15,1,0,0.3411023778718514,503.69499728093547
43.24915138803834,3,16.869944541117235,40,1,0,4.8920629028451055,550.995043618088
118.93944498203132,5,22.520707946315934,12,1,0,8.617433357844565,810.6612724268895
122.40920839764105,5,26.76696418798454,22,0,0,1.8554146276551222,606.7399246316818
218.52968449941145,1,31.965799845448906,22,1,1,4.096159719541565,746.0837853728664
112.3055614087551,4,18.870333175078986,17,1,0,6.87813711178034,689.6982355716711
132.0618936933445,4,28.930453203705554,29,1,0,1.5102664522145446,650.7075231046481
118.61152921179027,5,24.683882717585206,14,1,0,4.978602772980471,724.013693153384
73.25287849521871,3,17.392361733038438,20,1,0,8.281726431221493,676.239555177285
165.71291258060083,2,25.90793422974395,33,1,0,10.086051603697978,763.0195177700688
150.07732130747098,3,33.54580616489106,15,1,1,6.580493131334065,855.1021392240808
151.64127788172186,2,19.397886700441916,12,0,0,4.147065963517766,483.40614623167545
83.62450180821044,5,24.45031142314908,40,0,1,4.079742522703435,703.3052753233942
176.11177243744396,2,20.06680507680217,20,1,1,6.289815938661808,784.9142502871383
63.92595748830877,4,22.65708534044992,30,0,0,6.561926642330198,528.656390426318
143.47428375201082,1,32.16085071762316,38,1,0,9.715857520116497,744.5919056482996
207.61822503239915,1,23.642377622543087,3,1,0,7.941609705074406,628.4558280668903
80.37854699477246,5,32.007828687576634,28,0,0,6.1682129757769815,639.1432127377635
97.34809081588912,4,30.54527023965793,26,0,1,5.329585493481162,654.4941906473944
123.98605460350565,3,23.18631043257776,30,0,1,12.02942341860442,741.2720536086083
99.86097383535203,4,22.487002696968837,13,1,0,7.25318959999179,728.1287123796983
57.973462757354696,1,20.52000596592749,13,0,0,4.66249657284491,312.73764999658937
122.74251899224109,1,20.34559402903298,2,1,1,5.550754152817045,674.8542869980139
77.5078514509558,4,26.766036972539215,37,0,1,4.245090519993799,598.4108282073233
138.94369722540728,4,24.901073423925173,38,0,0,1.1909009482992206,497.86267429152224
83.22303063064788,1,21.881972825353966,2,1,0,6.625301982414645,482.0795692759105
181.99737620070158,3,17.256185389383607,36,0,0,9.56490843311463,639.2840108058749
88.66986830655051,5,25.53089383911106,26,1,1,2.738885595505392,717.0161461857554
107.11753935177298,5,22.652239104693333,11,1,0,6.110525191758035,728.1704739808758
152.54068869478678,4,24.02351152208953,8,1,0,4.586190441724806,742.9290627270342
70.7654273426418,5,26.52330914349041,40,1,0,7.043005051139705,773.9975680526358
129.09839738416517,1,12.490985693060683,22,0,0,5.655339686550868,379.5329102403323
172.28571017129713,1,17.333626981454376,20,0,0,3.279890691164798,753.8251845981775
55.7006706175509,4,36.48221538402594,8,1,1,4.037792572100528,729.9354765963245
127.38535434129217,4,22.46694746650191,29,0,0,4.339398936031585,629.2954034707426
130.39531176993694,4,12.412834488012354,40,0,0,8.688636415974415,659.0491117556871
151.2729148710924,3,17.750299102418737,26,1,0,8.586518553860301,706.9190396086152
70.52197156487672,5,37.42233684320716,30,0,0,5.377304225774605,668.3826687478014
67.18173547662894,4,21.4850126986508,17,1,0,8.455606866902693,699.2061952631616
140.8776626246759,2,30.795076224485783,20,0,0,5.653632321207652,525.8976097701651
131.87938692932744,2,25.605589991686028,16,1,0,5.346674483099626,675.0499282418896
130.01971401383506,1,22.575164812505143,7,1,0,6.1142356811023495,511.33443252866874
133.857928379879,5,28.877227353815464,16,1,0,6.5696505572472725,856.5355380736006
92.79901113686037,4,13.078216623218559,27,0,0,4.889110414269997,521.4323227939107
129.29014788644014,2,17.794336900716985,23,1,1,6.043731484364446,704.8564022595574
131.72289893194724,5,22.538244939302196,24,1,1,7.574645011293047,884.8225862999095
91.42594327894528,1,18.285478008651957,9,1,0,6.259079278412094,503.7163848775394
194.63098044579027,3,22.096111057480144,35,0,0,6.08556580424864,609.8985496189055
138.95331683647152,5,29.26856522841414,20,1,1,6.98836042856159,887.7573556670143
72.34786011189405,5,25.660683606679903,37,1,0,7.333412121717219,757.2522670237994
146.2621443453532,3,31.653085177547947,17,1,1,5.874768362774155,727.4982543357855
81.01273319090714,5,25.97687642175872,31,1,1,5.051637885843703,795.6057083608084
151.48338414969808,1,29.962304157472634,8,0,0,6.37840660694847,477.2728975433166
166.34382316029615,1,24.679648499357512,15,0,0,2.8120725403534013,425.39238699838273
87.17270726593158,3,22.048622583201087,31,1,1,5.57935600899229,787.7664851162373
158.53504516977287,4,32.402840277709444,30,1,0,1.0568801833714785,703.7096762195208
136.51123707745992,2,21.453248560319665,20,0,0,2.648416433126999,405.8251383930519
152.8824063997796,4,26.719224115621497,39,1,0,2.3476283011665786,681.0774013290343
195.8717193061579,5,28.844486816122366,12,0,0,8.094703484906102,765.725248619479
110.18447535988518,2,29.20746352235428,17,0,0,6.02796363193865,522.4883072876322
89.85055342570041,3,19.1727866488999,30,0,1,3.475901953567331,611.5576916083936
84.41942281497907,3,30.259752029141328,29,1,1,6.982132086890713,786.7691719659668
87.36758860138247,2,20.10522376946365,19,1,0,7.977308958733037,628.858957839835
116.91593162343584,1,29.05351827674997,11,0,0,7.016971112294748,468.16621325069843
133.64607899266576,2,27.675867355245494,34,1,0,5.622579743014827,719.3696024086294
131.06763197320078,5,29.093153308899492,7,0,0,6.464973236838734,664.2899746072708
153.08732996144096,1,18.974982394504863,34,1,0,7.802993066285465,600.6098017411282
120.52007567511627,3,27.939648713671957,20,0,1,5.061508324674689,644.7624443320798
178.14136308629267,2,30.42796838204086,38,1,1,6.059733846515651,790.128486621021
109.41372667048176,4,25.966978915808703,24,1,0,5.485613910787137,649.7536885579157
228.80676666358477,4,20.906916601977116,10,1,0,2.7731682946950285,710.933186949491
145.02669391060024,5,29.59873807163995,32,0,0,7.833136361288603,1000.0
85.71369774334869,4,25.56959814050385,15,0,0,10.11454372998802,614.7665188300642
77.16430007755551,2,16.62777868086152,37,1,0,4.25241075751762,520.8226685131585
139.29889660972742,2,20.5190526884167,20,1,0,7.925360469772598,655.8033663909711
111.06148858696596,4,22.368527343865132,3,0,1,4.316012440476799,682.7129448191894
148.56001976368367,2,32.52909143819828,37,1,0,6.265575630154129,702.1343202494564
138.9295049829418,5,31.65091543153107,40,1,0,9.016024547579553,944.5482208578704
117.08684349372508,1,31.63484265528338,8,1,1,4.959122029215778,643.275005456604
86.1282512772638,5,26.16180138841933,40,1,0,5.970627171216253,820.5910646750593
59.40611101256542,5,29.567973958895998,23,1,0,2.3969940069838467,777.090058755297
102.13940191731916,2,19.296102956570547,40,1,0,4.671591312107537,595.6620846001471
154.2559517729389,1,25.034015491963856,11,1,0,2.1874553559985883,537.3415528172804
128.56374976520817,2,27.258163508247982,8,1,1,6.858356239749997,800.9064079972686
70.17044885152048,3,19.625504713454397,29,1,0,7.663275117903154,649.0102403969541
126.92723703404728,2,26.04956044820935,30,1,1,5.556730226858391,686.4875832069366
135.41269518915348,2,33.43319592902172,10,1,0,6.571773934513585,711.0530030652209
84.64570255195468,2,27.793848922803136,39,0,0,5.348539089499106,500.4190561888053
126.14900423782112,1,29.587726033320603,28,1,1,7.481090731748873,728.9073687271568
122.32834873784,2,12.737965382838688,36,1,0,6.258923870250397,509.1869327637597
74.28118808677507,1,32.78984424576462,13,1,0,2.0286732883928815,486.0112016096045
134.31149441393134,4,24.06938826123915,32,1,0,7.879961636185641,763.3642389584755
142.43138105472937,3,21.156568429649788,36,1,0,5.220914410833693,671.6522489013413
163.32204972701106,1,24.12681074095035,37,1,0,3.459241057583191,581.2338233572731
162.15208208139612,4,17.57488920859551,26,0,0,5.122132055311994,602.1281281202877
64.89322528171635,1,30.239710308760714,22,1,0,2.1958607029071207,473.7166147480718
82.48699840339509,1,23.323021386131035,4,0,0,3.5002213775219135,410.07137872212655
140.6014106883464,3,21.306845939869653,31,1,1,6.285899220230777,752.8442170398712
140.55143803648835,5,24.159724671558173,18,1,0,6.453423372681132,832.8576376008915
140.6019074522419,5,30.590078272880703,38,1,1,6.612877668510336,926.4938561083919
274.1092596261889,1,25.657292003906104,24,1,0,6.006419735526995,745.0841075588917
142.83562042772667,2,17.951531152332663,23,1,0,4.614269753055977,548.3331418342746
165.42262560722395,4,27.32490414870541,22,0,1,5.891081721078869,707.5804923698587
158.1600705397281,2,20.355100228386874,2,1,0,5.1255851061042295,594.5318370993933
146.05565005223193,2,14.219494843125917,31,0,1,2.748436803849632,576.143343928229
107.38923021438617,1,32.48003606358589,11,0,0,4.455170017978824,434.7126463266961
150.3587688197307,1,27.286149374138446,28,1,0,7.7790824623380495,705.5305429777893
89.08699141849712,1,24.608646680982925,32,1,0,9.176588304109888,578.7655172498197
110.52725573039965,1,23.271952426516506,5,1,0,7.302550088237377,553.4320745148666
100.58545808683586,5,31.98539750366658,38,1,1,9.087395521984828,900.2293148516442
123.2749655754529,1,40.43577575099203,10,1,0,6.170777220269916,697.6891750096154
212.58634266694034,5,27.243902592832583,40,1,1,9.484752169405079,1000.0
45.309392296330074,5,19.85182658836062,24,1,1,10.10897688065716,903.448315571789
147.45040761498055,1,24.22767240566012,35,1,0,2.533061003927624,530.9546185034591
55.491365152413934,3,27.152863360470246,23,0,0,6.442986614265665,525.2979127902342
101.12272536842266,4,13.252358465040672,17,0,1,6.172860378175084,731.7993953634372
163.55802387869466,2,26.67249600889059,1,0,1,5.151792368831802,595.0544042802037
122.57120076381851,5,27.182125647465394,31,1,0,6.983831076302773,841.7899791605611
76.89020888282775,4,31.631710989936103,31,1,0,6.082250137283754,748.0411563074438
91.38785162960127,3,31.110616511865267,34,1,0,4.529102159215913,728.9683084651714
147.18390995738704,2,25.555860801447682,9,1,0,5.9467897899260365,721.8784055775757
90.78533473131453,2,32.57318453290179,22,1,0,8.40918915873678,733.5844564660136
128.658343583279,5,35.17839159519378,13,0,1,6.3650761937653515,712.854367272427
121.82287359615255,1,25.139757276222298,25,0,0,7.253909496512265,499.1932299153516
93.93598609576732,3,27.090935392338743,18,1,0,5.4458937994418175,626.7631554276509
205.75776357301302,5,16.16351323444712,12,1,0,6.904128020303229,793.4000411640145
145.35676089272044,3,17.74513368779456,40,1,0,3.5815709390336403,577.9381587887474
38.99429653369572,1,20.809018429952406,17,1,0,5.000559001160415,471.478072206994
127.45817259077711,1,22.78190847741473,15,1,0,5.794662782868144,535.8242823099879
93.52854140926448,5,19.51938487630966,15,1,0,3.4473281587469247,647.0811519520605
154.09733339184896,1,24.82002294011379,15,1,0,4.339566562215456,509.97025431300705
88.29917046269198,4,22.93145416162691,39,0,0,6.626223537147784,556.26079889956
115.41054234132405,2,30.354476156698077,13,1,1,6.259663832576065,725.0224007693599
140.1994911592183,5,22.62613177258146,17,0,0,7.612730849315417,664.7272228818745
154.63020776680486,3,13.566410258922527,32,1,0,4.798977963629672,626.1282270709848
71.98814371776895,4,25.6287558626771,9,1,0,6.115204452010483,660.8079782634421
106.61995056636206,5,24.929009877943304,40,1,1,4.656265178232344,846.947908934253
101.00218755356175,1,20.689750592977532,20,1,0,7.412257098218653,531.7086278818899
93.86683069705153,1,25.474999417485186,26,1,0,8.381492232050494,621.0873977895385
190.61816961124387,1,19.623677058868324,27,0,1,6.966649654505606,590.7892006707798
136.19926843843822,1,26.649199768116713,21,0,0,8.122388552553165,498.25929583727725
69.56464182659819,3,38.16462218464926,18,1,0,6.064999725775724,715.882286895355
156.71447788219103,4,15.971972635466168,13,1,0,7.611187669990352,738.3680940485586
204.88624788050532,2,22.4187895649542,16,0,0,6.1508354852249205,576.0499506373914
161.29861042204587,3,21.61747439275432,9,1,0,3.9501438668284643,598.5042791777762
59.22520136183947,3,22.833700582562283,12,1,1,6.493442777397212,709.9872951213516
100.63063708534995,2,30.099622897984872,38,1,0,4.0094066124189816,597.3200898188535
170.6764459674649,2,27.714132796595123,19,0,1,10.67825790313782,737.257499466404
91.69322137524877,1,29.243832513032118,7,0,0,5.331823682449331,459.36827271790014
137.75277712584915,3,25.152477523767992,35,1,1,7.2900757108979946,1000.0
150.98536213717347,5,18.38950340027571,18,0,0,5.975173560948811,679.2613603609865
82.92278113687668,2,19.4265731937001,16,0,0,3.5327731519281884,378.57452545143417
117.618985757528,2,28.73129853733296,39,1,0,2.202953939870857,579.9171525205237
-9.650693602762914,4,25.854159492066486,4,1,1,7.498027910148262,731.0617896846501
79.02449434662842,5,31.30103703039419,25,1,0,9.09868185354212,912.5997136979629
109.89727394427359,5,26.466310516233985,32,0,0,4.530392585579283,593.80911060478
70.08867272140603,2,19.084925033339374,40,1,0,2.6866149608808194,507.5251293407553
185.2964521572654,1,22.390490929084226,13,0,0,5.34967453515675,443.7569929711116
62.794344881574695,4,27.82407074841465,17,1,0,4.125765909522533,626.6255525378056
102.39822053212065,5,28.551662481193127,37,0,0,4.699368640275814,630.9148401273668
125.22962309144366,2,29.275543160773438,6,1,0,7.22074739945057,682.4548764780455
177.65093156264462,5,19.757379433974034,19,1,0,5.8990739051943235,692.6917092717168
62.56551395282243,4,18.994849169615375,13,0,0,4.340984882235965,535.1445449970882
166.52655008619837,4,24.050987401262898,26,0,0,7.17700157252239,597.7408099902698
120.40932244078348,3,32.20036758266727,14,0,1,7.333744690151582,626.8227583415903
80.73965395808196,2,21.53065839595991,31,1,0,5.32588502791075,598.683154440519
138.48413897053084,4,27.274859453004865,4,0,0,6.27583304183612,686.404069372822
127.96238782293881,3,27.275305694694826,39,1,0,7.041003766153949,720.0009352283313
95.99132491364821,3,28.803863748353066,8,1,1,6.852206261966794,713.6525764100949
122.79208339960076,5,33.32220126974105,25,1,1,6.081228173931065,914.3968782410816
104.5874561255296,5,32.80953212383053,13,1,1,8.865172236450592,936.2376382568741
124.54069381004992,3,22.026970830802476,32,1,0,7.165361626030371,670.485785527713
146.48522698084187,5,14.51052279345663,38,0,0,5.098641967004535,613.2204655588578
183.4406726458141,4,21.607353323176287,38,1,0,5.11066186460219,719.3028370843225
70.48738004692603,1,25.378361470236175,28,0,0,4.8838272997266525,383.8639383707434
205.32133498625066,4,23.191773611571715,30,1,0,7.264241894455623,819.5581390427357
41.91648801909993,3,34.83949471464068,3,1,1,4.754504879996187,657.9823452477411
113.92859619857667,3,25.093901521582247,28,1,1,5.150201821594386,730.0534066454642
143.53268825938306,4,28.268559401280967,3,0,1,8.116044776231625,744.8111791093324
131.2396747094013,5,26.086071548236717,34,0,0,6.383263924134778,633.4428086631606
95.09201920717625,5,23.26683408254589,16,0,0,8.397065254242374,660.5373511008189
111.67510998570899,3,15.375941610186668,22,0,0,7.596119746704684,498.11207718024787
100.27996261364669,2,24.606911807292573,32,1,0,3.6466563418598734,569.2647655870425
96.42540972223154,5,41.27323646577064,38,1,1,5.795733883518597,805.1460796696715
153.98408388084098,4,18.777708000810833,8,0,0,7.979898079937085,669.8186565106398
134.2806194386019,5,15.925634778128877,8,1,0,3.5556478696979754,620.5034092961117
92.28361618957383,4,34.68194651284455,6,1,0,6.839421640717353,737.8935409079188
155.98399501733002,3,28.710414849346677,14,1,0,5.921527052602512,718.9926569836391
132.29198083506438,5,25.937099402617182,32,1,1,2.4904225157552258,858.9123531360847
152.5144847535584,4,31.813369311835288,35,1,0,6.239318609037867,840.1406880809335
145.18515367694448,3,20.842490285219515,10,1,1,4.325063967746934,680.8224694180948
86.84019956311711,2,24.46702619542674,3,1,0,3.664696435767148,499.7085398999143
97.59275839212123,4,29.775770584504116,12,1,0,6.018281351645266,730.777987225264
149.89174420493046,2,35.551771839101974,31,1,1,2.1382941214939866,740.881644486052
144.4148106173386,2,19.157278426716957,29,1,0,4.651419414830236,548.1498397651451
119.16393624143407,1,31.40367229280197,5,0,1,11.102348505005295,576.3368726109494
124.69309533235128,5,26.90919530420492,25,1,0,7.300444786813887,869.3598160422035
171.106595831537,4,25.81530533714708,31,1,0,4.237150187665294,749.4979392735834
96.33714444656681,2,24.961353888726308,21,0,0,8.808331880200793,570.2104156464105
141.8838952468015,1,18.076766896526983,20,1,1,4.015912878445732,610.089154457604
111.91229390264424,3,29.815444991065164,39,1,0,4.892609693729055,692.3565134933463
111.29275187091119,4,21.08865489836836,22,0,1,3.7022971801414237,689.1944813717314
163.9510740794876,2,19.601546487488264,4,1,0,6.512159757332041,615.8712000080629
153.0166539595212,5,29.42729479450169,13,0,0,8.737259244194256,775.6319883608011
152.54038544002555,1,28.945670125733393,20,0,0,4.001987534880287,460.52708843986227
172.21915228617317,2,25.39500041805531,13,0,0,1.879113925181822,426.8537292341734
120.84015366531037,5,30.397718104058207,17,1,0,8.18193334903884,861.5030183751102
147.27811885179855,2,32.129682907395576,36,1,1,9.107601002175361,839.5457178005927
107.58932973626176,4,31.541120389127702,33,1,0,2.009839067170534,715.1796939810481
132.9666540995377,4,22.3586051329901,1,1,0,6.920108682892889,722.9367510487839
114.79427782529261,4,30.07052465639856,15,1,0,6.453010704230577,712.2084019268892
123.87983859970873,1,26.058204887543244,13,1,0,4.4250493902244905,498.6907533423113
143.80628101747655,4,33.62953885176187,17,1,0,3.211288666661534,709.3079412724934
87.2711726706611,5,24.381358318664134,24,1,0,7.983500690893112,771.2245523007077
203.69549102741843,2,23.217641813158348,8,1,0,6.35814106291439,668.5468123746857
79.75930474001191,3,21.93101561578562,27,1,0,6.508852914853442,588.6702849825426
71.43245548849072,5,25.946439471177776,23,0,0,4.756461294333597,622.2898925018784
166.3244349400027,5,27.333627337960518,8,1,0,4.396181591100085,755.7391261610717
151.66650775851744,4,27.429811414636355,8,1,0,1.0900529174521072,625.4559846109366
144.9647926820862,1,26.745862701559282,26,0,0,5.543943940430242,472.73537367553007
145.1338203705712,2,28.35518506339903,13,1,0,8.877652758908445,756.2187455816149
119.51012908612341,1,23.88729082042801,39,1,1,4.2194911599026925,695.0308558817756
84.10982514056674,2,20.63742342204064,37,1,1,2.9551706114665204,643.0050473989197
123.03218232774906,2,20.20086001543176,28,0,1,6.871329132914004,676.443780020461
92.91353153951553,1,29.875255476517342,25,1,0,7.240159996892673,584.2743694298078
159.00478933671005,5,27.35161155264145,16,1,1,4.828188078637648,933.9113824145925
114.11770473991446,2,15.72081114524838,2,1,1,5.302471070600717,618.2198628325295
86.98011212829954,1,30.483767133999702,18,0,1,6.527806234437517,482.0899682387608
107.14456633388026,2,34.402175732013276,17,1,0,5.688901062741347,700.0306557654006
136.51725817102496,3,21.420415746207336,30,1,0,8.000258671507964,657.4257954657596
97.451017887841,5,26.680800231380204,39,0,1,10.87448515184844,790.4158136639608
87.11118417734275,4,22.632709531838202,13,1,0,2.5816728896190884,576.3064055102727
129.7474884596765,2,28.141534627355835,32,0,0,8.45951026111596,564.1061696546359
129.7986628443489,3,19.169955554623876,29,1,0,6.210519402046668,688.5564484535837
99.7222729851548,4,24.642771714506097,30,0,0,8.776401877708322,644.7389230744428
101.15846777526708,4,29.906570639993905,18,1,0,7.448709022531359,764.2616014637715
129.28199749430544,2,31.1785586964942,13,0,0,6.1223129198714235,439.3778014670094
62.07662634010703,1,27.132479094598445,21,0,0,7.520045884882068,455.9623121986796
63.70144902493779,2,23.304773483951305,30,1,0,5.211688457630405,580.3335785135141
91.26223114990256,3,17.036994578281956,21,1,0,4.451397155790291,507.83309162767716
111.4621139315261,4,21.21225144380359,17,1,0,7.621726231196698,717.793056527908
132.4363026239202,2,22.6536329762261,40,1,0,4.311343102420992,599.195213667326
179.0142486779821,1,21.51133108349193,19,1,0,7.284745183283135,649.4350039950947
154.30638492808077,2,25.29776484156808,15,1,1,6.061495166174997,715.7297223601684
113.60245880146292,5,23.290561319143574,9,1,0,1.341116697754848,632.267980716872
119.23935168389245,1,25.860606861677216,10,1,0,4.85123509907412,540.6061192679632
79.89882541448765,3,31.013136505238318,31,1,0,6.6696763900492435,749.4507917578031
119.2594745603044,4,22.967688893853193,23,0,1,5.187998672183015,710.1121607816712
108.45365444319447,2,18.085665113728876,30,1,0,0.9065357764756294,463.93860092872677
132.90874241352358,1,21.491462009375624,33,1,0,8.641500255652321,648.1819909345188
86.91076225790708,5,27.917942349866358,9,1,0,6.338750102543222,703.0864144505563
140.7738605696469,1,28.389718924763365,1,1,0,6.887478582539611,651.7360376874225
181.30955652010311,5,27.03042598508117,35,1,1,5.053447695643513,867.0840402296185
115.6495940617257,3,31.50368652944008,11,1,1,7.062979376293316,833.7936841365629
136.06846888395765,4,24.068184650615073,34,1,0,9.669640289173405,779.865716737558
147.6057596684445,3,35.26083074004662,16,0,0,4.529854032745284,546.8813156527918
103.95118112456655,2,29.090935680529533,9,1,0,9.334025410714142,723.9416504621079
128.96369927241668,1,12.382562648960613,32,0,0,6.797128131784015,462.0298340439266
120.5036960312718,5,34.003293149817836,15,0,0,4.2611345039262725,627.7455639899808
123.90704394195328,5,21.165066949321393,12,0,0,10.424781275182017,738.258582537858
89.07960864578135,1,19.829494052715347,33,0,0,6.783280479777865,447.779173130183
120.9804069703577,1,27.61885554916447,14,1,0,7.352957337546082,633.5877564022645
139.91993164981798,2,16.309097638317283,8,1,1,5.461295790546484,689.3343112423495
178.04574431180168,3,21.522653843391932,8,0,0,4.407346709340965,564.3078218890072
158.37083304340828,5,32.78549270312104,27,1,1,6.335626489351578,951.885801075374
206.12729830046226,2,27.781087894987515,12,1,1,9.162927446966657,805.1768210981256
89.30609748447802,3,29.0611989046961,1,0,0,5.380680375628622,491.540281147989
154.89282546882714,2,21.71544699751263,40,0,1,5.946497508851723,636.8000915328631
127.33368022953407,5,17.308150005159483,11,0,0,8.91265694395917,655.857811858248
207.59211732870688,1,28.53408714656867,39,0,0,5.399346308391519,475.0607694436841
87.66806858579395,1,29.651280781209753,31,0,0,7.020552622338242,497.7930389354879
86.41112631276896,3,29.42496693040555,17,1,1,7.754701013479394,705.284240269421
96.02429418223912,4,26.045346150589328,33,0,0,5.606438102246034,571.5127549167499
35.04417102760772,3,20.16465878263965,32,1,0,6.619675186399846,610.5144404039603
98.96979913276957,4,37.18884794029865,29,1,1,7.322205555362347,845.3097920388235
89.63469353785209,2,27.398937214920878,21,0,0,5.198169612911746,456.7504777539107
126.0157514590483,2,24.13056679205416,21,1,0,7.631530329979986,624.0645548072227
133.67023903108637,5,24.15275381258316,40,1,1,4.906027833089122,869.5255360936728
195.04683356863546,4,25.74798739036777,23,1,1,4.649824842079018,816.6301179328502
158.016953527442,5,30.348041310789903,6,0,1,2.945917878359086,684.9177327355236
96.92385377350388,1,25.94814061652726,22,1,1,4.993075312197883,628.5762593263307
84.06341314606568,4,29.292565767237484,38,0,0,4.368994596259558,566.0393070154103
139.67676686026022,3,25.756988439466035,37,1,1,5.198252087490052,750.7538809020929
67.1906717191743,1,24.438230542648096,8,0,0,7.223985263828976,486.5972075599069
193.25835063417415,1,28.206251966641943,35,0,0,2.5486514932497943,468.4446652883723
167.17760482885149,3,28.01643016836898,11,1,0,2.050658210825784,646.0254216999592
101.23297391581181,1,24.151829404524225,24,1,0,4.5018415666974345,534.1659628946461
51.4746188363649,4,21.253965211428703,21,1,1,6.922460987173314,748.1490307062576
174.1548949666165,5,26.708644573702173,2,0,1,6.577729894039373,763.4548006049348
115.41840618989528,1,25.39174334481297,40,0,0,4.469875334178148,499.66505963350363
169.51265247893846,4,22.225641436146212,19,0,0,8.338816464312924,655.5419513845786
56.222893648225316,2,20.787997587316017,39,1,0,4.683180129763318,522.1127172044423
96.02499908184909,4,27.052379219472282,28,0,1,6.924907972254253,667.4254963401822
120.20974798872733,5,27.75047528513847,17,0,1,5.274427344931656,677.9654258643178
121.87922375058969,4,23.199839426725696,6,0,0,4.262447298012688,567.9843929474968
101.99738114083026,3,22.100314820435372,19,0,0,4.789866423770521,504.2903431490071
144.91399729389994,5,20.84872405481405,38,1,0,7.468000769627116,828.4118249361726
77.29518282469623,2,26.911274695724593,28,1,0,6.722050290285511,649.8846872411641
114.30482059914826,3,20.98011463179632,2,0,1,7.936205327553085,704.2687360744548
124.81182526847596,4,36.20567284510365,38,0,0,6.721972165074163,634.3598208660452
140.57755336234996,5,22.948592820145016,37,1,0,2.7776610736515615,739.3328307001642
148.4645951235556,2,12.873928610636995,4,1,0,10.228829668617585,648.297843544995
75.01431632648523,3,24.849141666854326,22,1,0,6.750338028116937,624.1794570121558
58.63543317057511,2,24.634832600905987,26,1,1,7.029343108776459,675.5715540460782
171.10707287594036,4,30.558592837620942,36,1,0,5.246324641006879,760.5975309274885
133.29256047918366,2,26.440631183638523,13,0,0,8.226356586601415,577.0717526376992
90.06053853773786,1,20.830824082800987,32,0,0,3.813784878799757,396.7672747379076
182.04607902090092,3,23.568040632516116,17,1,0,7.219658155326986,779.9852353569399
124.62698537171434,2,26.637098858254937,36,1,0,1.8407334355059213,560.7490926390991
167.17188736255306,4,14.176428748447947,19,1,1,7.354417042700367,878.0463670894117
122.70073925640436,4,31.693108671952253,35,1,0,3.840899176721141,775.6554973459237
202.42991699527948,2,20.844150570976677,40,0,0,6.553989040854251,552.9394202695979
190.21363369772817,4,32.08521910473809,28,0,0,8.71468093349235,709.5412287027127
110.04143406083706,5,26.962325705632942,1,1,0,7.645434749000878,785.4538918414659
158.86283803817423,5,28.147970681969873,18,0,0,8.448763340235123,729.0305852349949
145.8150379834059,5,30.747117180006363,40,0,0,8.241696887295618,717.6106890032717
174.74526230129396,1,27.86566026346249,33,0,1,4.951434514180242,533.4674277719533
81.40306157679582,2,28.364431081587256,12,1,1,7.196660347615708,729.8475423663353
147.44205839993757,1,24.177917797693095,8,0,0,2.5501662081163805,392.6003253305281
162.33697947398352,4,26.860843407360477,24,1,0,4.626127164111498,758.4798253300837
49.65042054307543,1,22.062510925141286,16,1,0,8.785309776568102,533.4051157233954
72.669659493369,4,23.28294450206016,4,1,0,5.229926395147558,632.5068486386575
38.43071288959598,4,34.82347523984454,38,1,1,2.2639962266585125,698.4146467709036
109.2237266222177,3,20.959032074747892,27,1,0,10.027397834662715,722.8810644291136
148.70169023183848,5,25.771585633181402,9,1,0,7.12450056633944,845.4636489269529
180.0942820838411,4,25.56734518357738,16,1,1,7.528956440611581,927.2696896030017
122.96379121679101,3,23.446227641096005,12,0,1,4.039060930156205,580.6249748838808
185.14462182285166,5,27.57200468285219,31,0,0,6.56811314105974,753.5295104609461
64.79594167140434,4,27.948610463706913,24,1,0,6.51514994177839,685.3344508515515
51.86470242579381,4,20.370904084262104,14,0,0,4.35703028675265,558.9584404125728
117.77809204413525,1,25.506783557732756,25,0,0,5.660360628953683,422.86091529343025
135.3626179575723,1,19.588163306138213,34,0,1,2.9990645744339646,537.637649722887
118.69221007623628,5,28.942743091586504,3,1,1,5.306580934247997,808.9109196751954
37.302315998404936,4,25.882436551813125,24,0,1,7.947692514519638,652.7032302974602
116.43519841948846,2,25.411649433585435,9,0,0,4.50630348201583,510.38117094126915
67.82121997980587,1,28.295156744362014,26,0,1,9.814595672853107,535.8371379038767
146.78690195320155,5,23.622448547657996,20,1,0,3.1278169749298868,795.0910344790096
134.66392984387392,4,29.570109796091025,40,1,0,5.479649300408812,773.7267403387322
82.4048085469058,4,20.25777563621932,10,0,0,4.687140072771749,554.7113513410975
99.44532330653226,2,32.05938259447264,19,1,0,5.639638337254262,670.4124233512002
77.63145912444193,5,22.24544408722573,3,1,1,8.742949564281846,884.4208046403072
117.49283610907312,4,16.51910466152206,24,1,0,4.031089007071806,575.9854748065779
158.20569282004953,1,23.35732545768634,5,0,0,5.09745893814094,436.90012560257605
80.57095814657825,2,22.790159013728953,3,0,0,7.3090115054462785,516.3867675418861
140.16186062071378,5,23.31963006924982,27,1,0,6.186317559835305,775.5832441941758
98.78969526510237,2,26.158240077419915,16,0,0,6.350349898618006,496.6784368982362
88.28508670950623,1,30.48921180444136,15,1,0,4.069447320800885,507.008046368079
115.71878560181769,5,24.041470430514316,35,0,1,5.856833056795006,724.9184996652747
78.59030710322503,2,21.541912150905496,12,0,0,8.263156903079047,532.4522991258215
97.85402778611271,3,19.367265938581014,26,0,0,2.7809580338380413,804.8919693233642
72.08488429644606,1,22.659086043454778,34,0,0,4.605381698601946,406.265170649445
198.58900531665557,1,15.560875803748237,23,1,1,2.3689167409493272,648.6437590336088
121.41054207886914,1,21.374334532418196,31,0,0,7.073951393887482,461.1518005574042
92.01097968029657,3,31.220269479310932,20,1,0,8.45094109062894,743.9920251216433
128.55919642936888,3,20.883203977107886,12,0,0,5.633180025415914,519.4296786407974
115.50687801236681,4,28.143579304001527,23,0,0,3.9889599709694057,556.0563105795773
111.16121601867108,2,18.86758955095755,4,0,0,4.0475070970909295,456.3740901539628
144.566668001737,4,33.855479496552775,23,1,1,5.405885584254515,816.1652111556893
150.3003084018922,2,34.18803366532355,1,0,0,5.3982559092169495,585.4971755675926
98.7799540955789,3,27.95510778279938,25,1,0,7.823663557026741,730.6240717706894
96.9672703742128,3,34.956263008217604,2,1,1,4.662247931113974,699.4871800590191
108.99793211393424,4,26.778964874638312,30,0,0,6.870156676371719,649.1393524170652
27.923153410576603,5,28.84258557074778,3,1,0,5.3890599415042635,731.077284416826
59.39235751205791,4,31.309669383657674,21,0,0,4.510486089520326,492.52732274419606
174.674970697781,2,25.898592265492248,25,1,0,5.339247873318045,635.1795314379975
185.79870854005134,4,17.238112692074694,20,1,0,6.67307676374196,726.5427946074054
110.03855841774487,1,28.94481677617199,22,0,0,7.829866779763405,444.95439462537405
143.06227852223066,2,22.64070202783268,21,1,1,5.496053625683021,780.227494418426
132.45000618174146,2,23.0123508952227,33,1,1,3.5921237384044606,701.9817960698853
243.15523233820952,5,26.48947458239345,38,0,0,7.999429606530881,802.5812163372717
164.78299645738306,3,27.83140439858685,15,1,0,4.203661233695771,685.7696604201187
114.88329634076933,2,25.75067317003109,15,0,0,6.521646335355065,489.1016736590401
81.77838237598297,3,28.178647680786543,25,1,1,5.950334664592491,676.1870821342956
55.74214718969711,4,21.46571432969902,21,0,0,5.682859815307562,481.1618474976371
128.13854543468892,1,24.786481026383584,24,0,0,5.0260473996239865,496.4248493574098
89.74597018862787,5,29.245427252254352,5,0,1,7.240297560830928,759.329007535481
63.10985161609303,3,33.86395588218358,6,1,1,-1.164125214975022,556.7960002278363
94.13708463029894,2,35.632177944866044,23,0,1,8.272941016734075,596.9797509449302
76.7380798554242,3,27.164883413638655,4,0,0,4.174984451211929,493.5774263994049
187.48566540290258,2,29.200049133728037,27,0,1,6.815913819501296,661.735250876901
155.26559027797802,3,34.90789582407596,18,1,1,6.710051235869858,769.5660598288343
119.6810943473353,2,21.645819816332526,21,0,0,8.549954764041637,487.93609253179375
179.19776555560105,4,28.14849926356292,28,0,0,6.395498271076138,705.191506428789
123.09473230590473,2,28.841714747430732,35,1,0,4.341781638731909,574.1661875077028
85.54863194686945,2,32.23930718038372,22,1,1,2.7904900241780624,623.0422069799653
180.9249630907863,1,19.314293097318888,40,0,0,5.302393690254051,467.69965378313304
141.55640174738636,2,20.302971080997416,23,1,0,2.083649142233975,515.0373440402757
78.51015382694175,1,25.10691105552353,3,0,0,4.743028587378489,393.9229526444135
112.38645287665567,5,26.888638311608176,40,0,1,5.414738759339589,700.3216113483301
84.97526986460971,1,30.614319768669038,10,0,0,4.620168043942151,419.0985999504894
64.68801076142655,4,27.587718879061356,25,1,0,6.083547314729825,710.8577683769644
157.04710190126565,1,24.24293384944858,8,1,0,5.527791978161584,647.0989625013456
196.37666561880522,5,27.082307223780703,11,0,1,5.344626917342437,729.6023601922262
64.05729704723436,4,26.505222381372256,5,1,0,1.1516987659253886,589.6996615244182
142.51876946762283,3,33.72508214993894,37,0,0,3.4105896386289016,564.842407792826
93.97429723512693,3,25.828294717842663,38,1,1,7.285313463709752,768.0219251141704
100.51498464941216,1,23.084582932237183,29,1,0,7.608512545894889,541.6466488586898
96.30424303044524,1,27.248045150359147,5,1,1,2.322446564042009,600.9534542752114
85.44036921280735,5,25.99242659669266,9,1,0,4.3705636375317365,728.3110107987435
121.94086511779308,5,17.14503322162664,2,0,0,8.143930735198254,624.8595050752817
86.76199534355848,2,24.921739691889154,1,1,0,4.563922373189702,573.7220001505018
130.81827303119354,5,24.496308772969975,40,1,0,5.777018425749776,837.212439225296
117.99047562203452,2,22.28064067110342,30,1,0,8.883610658031817,664.2202410246138
110.44207812534361,4,30.177916438114863,11,1,0,5.276845377113212,740.7475214633411
83.69745351833609,1,21.07160201694002,28,1,1,4.990561179625768,658.8809393554238
96.9291467772667,4,27.278093097622694,12,0,0,5.685926618814741,549.9846096384387
150.21564903303025,5,24.260715000781346,39,1,0,9.706821595799656,929.7212324272887
140.03668750497522,4,25.53847502823391,26,1,0,6.8924036725789595,796.3725557924778
80.89779020805796,4,27.058931455229335,13,1,1,6.038163255559536,751.313859813466
123.97329221716903,4,18.462128080544993,8,0,0,4.9512800886368336,537.5425497927835
150.05548493487157,5,25.958304458673915,28,1,0,7.0776338563622465,817.5191157340647
53.22378875514514,4,36.44473744856603,30,1,0,7.319399539861597,740.5179949702637
141.7344076951974,2,17.21618327060638,9,0,0,3.8536429810490604,454.4230880610847
93.49504964216614,5,24.711960181422477,39,1,0,7.373256383892319,763.0884387455236
142.82394674372637,4,30.616196624119098,31,1,1,5.697695426753139,843.2258021971022
89.46963373829932,5,26.508096239767987,21,1,0,6.049597269257213,726.4041247841711
47.804715973419235,3,28.439834760580165,34,0,1,4.231421994023363,563.803270723717
54.89830248467349,2,13.12166994453692,31,1,0,5.20003594434218,490.5214983347928
121.92339786645528,4,27.991246873149752,25,0,0,3.939715469554342,551.6303978818938
130.38890006885927,3,21.19155896883201,12,0,1,3.8435636597673986,623.2056321115708
83.82733499582366,3,26.549386422915735,1,1,0,6.75418044085356,667.5281849763434
145.54369835109495,5,24.852826345452545,22,1,1,5.289766869113783,912.5521069931915
53.5391975092416,3,36.39166514580816,40,1,0,3.400724660275168,641.0048033425157
117.35680805410733,2,27.73347661882938,37,0,1,10.354105294976751,663.9647065126791
71.55935200950174,2,24.43688085368607,1,1,0,3.750689921368127,509.0358177632193
93.92655568791363,1,17.45153620373223,1,1,0,8.184205922038668,530.2821985339672
121.89594685265656,2,25.605734509249483,21,1,0,3.0470727167563965,589.8022959747569
85.58346538864191,3,29.116144391734114,15,0,0,6.9130046703355905,532.0210775506165
104.61777823080699,2,24.597240540903883,17,1,0,5.4988792627626175,588.0265455254527
160.2517123685776,5,22.471718200312793,22,0,0,4.74188653728319,680.4354791831852
96.92432521907405,1,22.137066680768406,38,1,0,6.393484647531412,592.2254264298281
153.42768448260568,3,27.675707177276603,35,1,0,6.124519712658665,748.9436803135571
74.81172581369528,1,28.796939696545785,16,1,1,4.37506963263591,590.0088200379254
141.1921671166113,3,31.806050576605593,8,1,0,4.284522238426,700.0996754435394
177.66274482631601,5,20.02500053394821,17,1,0,2.852171576011198,734.3174215146812
21.13421999490842,1,27.629887792088084,17,1,0,6.611128768714102,535.5020637490596
88.12418978118093,4,24.391480227910666,26,0,0,3.492390345799983,477.0523242879373
143.0828850872216,3,24.538828976833596,13,0,0,6.0079499130343645,581.9133502302024
111.8781845582803,4,27.009129270170007,17,0,0,7.184955968241432,596.9119611392861
134.84583493485235,1,27.038281268124738,38,1,1,6.416110063648109,649.7290582346992
95.84059253136718,4,27.643840528957867,17,1,1,4.553737403965483,713.8407159900995
123.463591498916,4,19.71264403902095,14,1,0,7.817624822699938,713.3413908297997
113.77291058431682,1,21.250942964167706,6,0,0,5.184057043797494,923.5737098155693
166.71128246639228,5,32.42934137758842,35,0,0,3.331678481990018,594.9997729535036
130.17683373204852,4,23.8971376625958,14,1,0,5.432544991093445,700.2158029031698
133.5041064830081,4,26.530071990089482,8,1,0,7.173594755969452,751.7986311799353
103.5249213551013,5,30.27333156021593,15,1,0,4.651171371179746,771.0329835496522
100.49575103710026,4,27.317215361804095,27,1,0,7.756364829940609,748.6946817016538
102.69767248721516,4,27.732613154860196,13,1,0,4.459347869564699,754.585890525766
135.77808569513186,4,29.472888396218785,31,0,0,4.731573612628946,622.6927248378499
103.16062076718949,2,14.416681195515,35,0,1,3.9078419682934946,565.5302114889172
131.59099427585653,5,22.550249224197326,6,1,0,7.367419073816059,784.1143655671641
203.01603194581756,4,27.34302898249796,5,1,1,5.893514859821595,912.5654317604443
154.8449881372677,5,31.938221535288285,22,0,1,4.040476104512051,726.6313108109669
106.95905871328635,3,25.330477798278864,23,1,0,5.207579315437793,611.9763012343649
168.04855688655778,3,20.77641769121952,25,1,0,-0.14230197579805548,531.0754306982423
103.67698507913795,4,20.909569751947487,34,1,0,7.555944726933287,694.8816343968559
38.475018592885846,5,29.41930601726537,26,1,1,5.658506721003385,783.1784567835675
79.67654756330384,5,23.911132088040567,5,1,1,1.1875236979802057,706.0401480120065
45.16832315896578,5,24.963999771048318,26,0,0,3.0866371173518363,536.7796778331867
105.93946063834765,2,28.075150968861596,20,1,0,5.156811874884793,644.5606530898334
120.73673516758207,3,10.492381586532105,6,1,1,3.371658481790326,714.5947480378788
187.05749249101132,5,35.001837557540405,6,0,0,7.586698647372117,749.5815593258939
133.0770949505665,5,21.344630824744694,18,1,1,6.837145771982309,834.5084166622121
111.23597884764543,2,26.209681847367857,4,0,1,6.719071887035738,549.3191951732074
153.17622324733958,2,16.476514932518644,17,0,0,0.7913061295705903,380.70340229793857
31.5545876396846,5,22.88729444797481,14,1,0,4.949083171586212,626.9726553497297
129.42458232434262,1,31.223440231825485,14,0,0,4.604767098781887,480.5310981316367
150.83460775547866,5,15.419164101670606,13,1,0,4.091891091790824,646.9725890961425
60.856550168806336,5,30.631000435945705,7,0,0,5.169649437672576,615.9831215383898
165.75016172827716,2,23.63151951883808,15,1,1,3.7475235858278744,648.2257099673411
133.53985629977657,2,27.435822201100958,19,0,1,6.430441465900436,614.9134585923078
103.38848344396794,5,28.287622067425552,35,0,1,7.5331027086755435,743.5442914589554
145.3112746442514,5,27.20710749745463,17,1,0,7.360767476847343,884.9971503010615
210.82771431217583,5,20.675246741845868,35,1,1,5.724177496577039,897.3740899267374
127.27465020233981,2,23.177254267324884,19,0,1,9.998479392667004,661.6568469275646
129.92882345201343,5,17.69221911374592,20,0,0,8.27995022900102,671.5057426405557
101.62556401839024,5,27.4589816579404,36,1,0,5.796883592654897,780.334974226824
86.00622522140833,4,33.51027577007963,35,0,0,5.0354555795969675,577.1654941522302
153.21343266176982,1,15.877795566617687,32,1,1,8.676054325563841,728.1692712300407
85.75664696364531,3,21.191770469309823,40,1,0,8.015161365525467,658.1508323343343
122.8626494887757,1,24.091123620585332,24,1,1,3.179145592351541,545.8287585812227
100.89370212939534,4,25.86670711856777,17,1,0,8.171642638457492,789.3815064694413
139.1591930298557,3,29.39588150717213,7,0,1,5.691252930552142,706.9029840352495
133.34648421147793,5,24.239000098211665,1,1,0,4.278176938813283,745.600860069171
161.50159777031598,4,23.420206367771748,35,0,0,2.0415882815186737,523.7211375141927
99.59934404581011,5,30.515653530348704,32,1,0,5.462167610604397,768.0118967660771
109.20500258826515,2,28.309977835316527,36,1,0,5.97554482956015,669.7499414010944
80.8494513687077,4,27.694889878505492,13,1,1,9.174655308220435,853.9316414133277
102.22826959695553,2,25.562578557940572,6,1,0,7.914467615497371,639.0438931344363
135.0920197217941,4,29.915761054599294,14,1,0,4.834226557247931,773.6863664855638
150.2795446658141,4,21.71845304384867,37,1,0,6.778684788439474,686.1284044495955
83.11338703289499,2,21.036528589069608,15,1,0,7.652498845345647,617.9547790627195
154.7842368042264,3,28.73050493434662,4,1,0,6.171914776034431,736.2425593766895
174.22551435219805,1,16.87482015376546,40,1,0,4.825691681937592,511.01436662713695
136.53739612894805,5,25.460897548182437,16,1,1,4.935655087513108,808.4041983501825
195.07183250232265,4,23.41720823868744,28,0,0,6.770946140913904,679.3678320185672
89.04843203585708,5,17.97122634673522,16,0,1,6.825961131050094,796.0902069657794
70.21381186754331,2,20.343662101418676,4,1,1,5.414090768472911,639.9537300050006
48.85119004382885,5,24.455119538523252,26,1,0,0.7616955898933213,587.3752696541304
179.84177245956732,2,30.169816282495113,28,1,0,3.418954545417419,673.3496869400508
146.17462625416232,5,21.735210043710943,32,0,0,7.239377843224225,747.5590423026514
117.7766131635818,1,31.066906999524967,2,1,1,1.7383240052882485,583.9936720280668
131.19874505279282,1,25.31589613778258,31,1,1,8.36836203273443,739.3241924809878
74.98043810806493,1,31.551923510849853,3,1,0,8.072314522277008,662.0299880979077
217.83007918467305,1,21.977541956099756,8,1,1,6.082192763866411,746.0621825626812
125.1688472790091,1,24.755952059473156,24,1,0,7.195862068457215,580.6708444533322
124.37579178419571,1,26.842418016684977,15,0,1,7.057549356717772,498.4449999380311
149.03066495594769,2,24.10244768629244,31,1,1,5.7662537432675744,706.5024609230542
139.24036926946854,4,29.76512073572618,9,0,0,3.25222176482286,537.0903037662804
128.95536097116525,5,13.96218137354867,39,1,0,7.934545950123373,762.8319023531288
88.38102178218753,1,37.1120276939497,2,1,0,8.81446002276727,718.8406809731662
138.85873428543982,2,29.28887303497581,8,0,0,3.582818951515316,479.8771474150503
195.28097985900135,2,24.132340854824918,7,1,1,3.177489989660601,669.3461652299428
173.8168018461991,2,22.238391632113277,39,0,0,5.726406190485318,593.3946509008064
183.72746506557587,4,20.667896942757228,16,1,0,4.7475508087271,702.789857353873
99.5513729427526,5,28.228077370848684,35,1,0,6.289898480410918,816.868117238256
80.41580718965676,4,29.97490834396177,30,0,1,8.415988079720773,689.2325190712805
114.96852319601408,3,24.1873693593505,10,1,0,1.5086591234550086,576.906860398213
122.22899649154779,2,30.534952064892515,38,0,0,9.162543903238308,608.6844515528938
163.76766073883795,3,20.463699766194388,18,1,0,5.1866631162461605,636.5763841975202
52.30141481140723,1,19.58094575006582,5,0,1,7.023557957300988,555.6505807828373
181.18201277842456,1,34.06670602622775,29,1,1,7.237451676208932,700.8761872605279
113.67968405684043,4,27.955543067692716,39,1,0,7.470682308395592,752.3450487738495
102.9247572021032,5,31.98424100906664,34,0,0,6.123816208059994,706.5417341801948
79.5158249895933,3,20.730301458061536,23,0,0,6.591121203573492,536.8261312704632
53.80573312536923,5,20.38237304115635,5,0,0,6.578044101210806,664.4643205784236
152.92682335847658,4,23.20695340271229,30,0,0,4.739434398441105,603.8015201733342
122.93271868753615,1,20.87970579230494,6,0,1,2.483889617125605,528.518023017094
68.40156401035784,5,28.526826051142255,4,1,0,3.5616283444696104,650.4440630269145
68.19684911745536,5,21.24436971536777,29,1,1,5.791524041003931,773.7268806334948
106.56861202839487,1,19.141650709663548,23,1,0,4.4263866862072305,515.2815951466781
186.7608610115757,3,25.710077061276163,6,1,1,4.43100785522093,724.5278882065209
109.6163459454558,1,18.550069120873935,32,1,1,9.59850209137239,718.2921594944019
59.874281875275756,5,16.00268034262305,18,1,0,7.717789593319746,724.2929326170148
110.17027743656223,3,25.66628616930639,15,1,0,5.495848068180053,675.918610601962
109.09105721009318,3,16.25389978494895,40,0,0,7.344069891310884,553.2487995587263
12.124534282337137,1,28.876396981477114,32,1,0,5.159462788818199,496.4268349891712
117.8282053392875,5,18.02333136873602,9,1,0,6.221446868372993,723.444928826537
110.76261879165288,4,13.796631067901261,37,1,0,6.883257296837832,672.4657406845549
147.84825459253673,5,23.53101674929603,10,0,1,5.164788064456243,722.6234678563847
193.9582437978138,2,25.72297251648242,20,0,0,4.629498904925809,546.077571526576
165.06260118191028,4,27.457375318409703,6,0,1,8.447863636937008,786.530774736591
109.24445237780678,3,25.860078495079268,3,1,0,7.228225934396213,683.6663645518081
75.73896365033319,4,19.70343689441129,11,1,1,1.4907782434145656,677.6538581871887
222.93439212999442,3,28.56530590463302,17,1,0,4.663728139936779,773.1578887598788
122.36873736057953,3,29.80069253239873,32,1,1,4.437455000611212,758.9848089157789
120.55717167651785,4,18.971189357722306,4,1,0,4.757723822375205,671.72333584045
119.03499651559987,3,24.09496930670193,4,1,0,7.724804577517791,664.0525945369927
127.92339043071419,3,23.6277998644549,17,1,0,6.038411936007383,654.7616749087988
114.2255835230423,2,26.10190791394017,19,0,0,3.220740658288909,428.8446429645429
97.05351972479055,5,23.975381041129456,5,0,0,5.233570326082768,579.623000469996
98.12564235038431,5,24.660611139635115,32,1,0,7.08347529523238,729.5024912613015
118.68986919136006,2,28.209077651208453,22,1,0,5.560709968932492,545.2043477024743
98.26300915464941,4,19.430734501994333,6,1,1,4.710648097673017,791.1176851317637
91.48616869291342,1,28.68686567630412,35,1,0,6.662438557477056,556.8158413808785
124.25720910767588,1,30.705663657656252,22,0,0,9.236384978878155,584.2457316378498
109.80091130316579,1,33.17067496744434,1,1,1,6.922849665917037,692.1506819868117
180.15971954330755,2,14.283163379313205,20,0,0,8.601883026063398,556.844274899666
13.961207664279527,2,24.08549171442391,22,1,0,4.844771564270194,530.2409942766608
163.66027407689847,3,15.174497128232055,11,0,0,5.983275777751879,564.3712236026641
169.84340769990516,1,12.824681551135882,13,1,1,5.942896030928636,651.0040974414396
37.06439070367402,4,25.72046523803739,3,0,1,6.2373581681353825,612.5674817646084
106.29249623678605,4,23.00424103574819,9,1,1,6.8810392127618325,780.763859104169
105.14236536016834,1,26.49925475885373,12,0,0,4.162061757890443,422.4767317876375
63.69953221128715,1,27.43063845043658,23,1,1,7.294665371026957,624.3269430860237
88.88733249636499,1,31.239479790539605,14,1,0,2.7442281220895666,530.0113806773
75.57696618136686,2,25.2696021265289,33,0,0,3.3284866749866366,415.1461452540904
190.09081773694493,2,39.61677808659544,18,0,0,10.27125220234646,688.9954025124529
157.42713572589844,2,26.532049274926063,9,0,0,4.979758521042248,559.5096792597626
170.86220379976635,5,34.21239522283606,23,0,0,7.459038701972404,742.7789052620919
148.8668825617294,4,13.335810997378758,10,0,0,9.396580784853912,688.5703689978335
74.83792915131083,4,31.748697647753126,19,1,0,1.371087842443048,665.1815911819857
99.01918934880905,3,24.096197551022197,5,1,0,8.25249236031142,732.0868554745506
139.57498244911673,2,15.258263702863642,23,1,1,7.2978872125185426,734.2229203680834
71.11488764432218,5,27.102725546140597,30,0,0,9.28079456186608,709.7000652502883
148.51993720689552,5,23.485222310078413,25,1,1,3.6369536766707458,835.7622049309995
110.3869840736746,4,27.90026624224071,28,1,0,8.902509313909226,713.8801128401535
105.0071676980161,2,30.055382287755393,34,1,1,4.521171136794619,648.7892316314465
148.43839872813965,3,17.55424941619202,25,0,0,8.109555628553313,613.5758881807366
137.7705324594416,2,30.07459491227579,10,1,0,5.927957928491121,689.860291323982
105.5613533672368,1,25.032397421103582,14,1,0,7.541537612870277,553.6896926609759
166.37319213456993,2,31.764205873466363,30,1,0,6.097738366610306,730.7779944927329
76.7574668960041,1,23.974258855010657,25,1,1,2.321196831626542,569.4019758001099
144.63742427777055,1,22.647955537342895,14,1,0,-0.2410880458875937,448.0318557110795
143.72405031873535,3,25.135270203444758,35,0,0,6.419831067966982,608.1462313544513
107.61814242744039,4,25.509303531899267,34,0,1,5.472529924737304,688.2845575469644
133.04532088968472,2,21.686075992541323,10,0,0,6.796441902840588,511.3690153640422
69.95545694458788,1,22.518476345223583,35,1,0,5.495693068312851,498.2012931177924
156.96108076827605,2,18.865622327431055,11,0,0,10.03615476543564,619.6650746684021
112.60391454228044,4,22.826774551049027,11,1,0,6.461074255656609,721.3136760917134
99.09107917923842,4,28.381550299987893,21,1,0,5.106104544834669,677.5043770640783
161.96036903347556,5,24.31322913046928,21,0,0,6.674726132693732,703.1294349545046
91.82625237828964,4,30.045326480236643,22,1,1,5.142650406237388,742.828595223884
63.661548145457616,3,24.072852661734633,7,1,0,6.1858604682279745,591.7922312019274
57.73483305904385,1,17.84241001138343,17,0,0,3.565039625528331,309.95858793038286
144.24039805382557,5,27.986374437782914,2,1,0,5.982829596280789,811.2861029407305
68.78282590014868,3,21.631884294832986,12,0,1,5.04429520792965,1000.0
190.19176727937457,2,23.833163556182328,18,1,1,3.7545267492626406,707.8088556876967
36.72282368465112,1,31.187860237420587,11,0,0,9.951471736145285,466.5157958940763
187.85825473160153,4,19.19564770139243,16,1,1,3.8325292601196677,799.0355270300166
128.44069868810473,1,25.823718937321924,18,1,0,6.013928446883875,620.0462884993655
116.1314755251843,2,24.79740824982104,35,0,0,4.394383930102485,387.0967786636707
98.20323652764202,5,28.504628577185514,26,1,0,6.59407894175975,792.2208743845492
135.96544457408282,5,29.275766827410113,16,1,0,3.451229731062165,816.3526287612616
118.49461190300606,5,26.31919502124446,6,1,0,7.6807136478711024,827.4804241581041
164.13207528066084,4,23.198126767098,12,1,1,10.072312372717683,959.955451662994
124.56910594648159,3,27.3668625201298,13,1,0,4.32092152579866,600.4811496488692
126.01207045847511,3,31.67827948572281,4,1,1,8.433937725362641,775.899213415682
105.45551151144576,1,24.863550301801496,39,0,0,5.23624131120862,448.6013305593275
117.72217505115731,4,23.663719427884867,2,1,0,9.011582242152171,811.2380581047784
132.31207075568236,5,26.94085128833995,26,1,0,10.376997972191983,857.6793398497633
51.593264293734975,5,25.19363510184806,27,1,0,5.532589976583083,705.3426383002384
66.07258311577148,2,18.311452880411004,27,1,0,2.9594678382106965,484.082970556129
149.7305637609086,2,26.196654001987408,15,0,0,7.896168774872179,520.2228365995018
126.83461752511768,5,18.26618795618118,8,1,0,6.448834415888232,746.2246237747378
112.64066654589283,5,26.872403232042227,7,0,0,7.003582335555282,584.0308501728595
120.73735732261572,4,21.014286377967164,40,1,1,5.3203099163112695,818.7775544962308
133.90326821446683,3,25.18437402093173,12,0,0,4.231014362678602,493.4434748513054
98.40961278762555,2,26.95296953099618,13,1,0,8.320696361933948,653.8374580012564
88.86781098390749,3,37.26951672971786,17,0,0,6.6395799891120655,593.7509171966299
127.83381020390726,4,28.713749808934622,17,1,1,3.1128859316325492,775.1560812694789
80.86508889539871,5,31.823994048711675,36,1,1,7.373750446405787,871.7516379625953
136.33011022857886,3,34.35873909346962,21,1,0,6.972337195933001,812.9519613983406
51.89665583048638,5,27.44627958499722,8,1,0,5.349402151352872,671.0703239928596
161.16622549302576,5,26.428449001335995,5,0,0,9.239626468484644,751.643287913164
138.90389929652173,1,19.66639445586892,26,1,1,4.763653675305472,625.3574834734413
130.24118937255503,3,24.416850337998028,16,1,0,5.662027003690317,698.3092383362341
159.30763935782056,3,21.384561351820686,36,0,0,7.537296175936396,630.95773114953
186.61897777850305,5,22.99470574937807,28,1,0,6.153525900661443,842.023792796976
160.5748026007252,4,34.35331688096234,29,0,0,3.231153691283127,660.0043215303438
46.36503074673419,1,25.57310754599995,12,0,1,6.367598745986859,511.9419953061741
68.81692133057194,5,20.620502111419455,37,1,0,5.171220416069534,687.2193222640016
95.00725689217285,2,31.87266727345652,30,0,0,7.713992489832527,540.8656215261334
121.04364200843335,2,29.776377381187245,23,1,0,6.30243668799028,690.6228178374021
140.70636081876492,1,30.038267463001983,16,1,1,6.189015306094782,688.4689024823446
90.97024747386138,4,14.969348984488027,14,1,1,3.9034976725618966,753.9707000721065
127.47067057908313,5,34.74335478860743,10,1,0,5.539949384171989,778.8127497123747
89.7846827058671,3,22.207426289530563,7,0,0,7.940202188025307,607.1781743575909
95.53928788032206,1,28.889773863963775,37,0,1,4.446927310917258,480.1417385734374
63.73355612607111,4,37.61899895308516,29,1,0,5.934899553824572,736.4628676752528
83.07067015556383,3,35.77666374095308,3,1,0,4.127107896701981,659.2982034386097
65.93261577534665,2,20.112189372636564,15,0,0,3.6323147178966617,329.3491435610436
80.9650698809067,2,17.777413314988635,36,1,1,5.830281910021295,644.4480550145673
162.14567186431358,3,32.15173299423964,19,1,0,6.347602329754677,769.114995181268
82.02404444672229,1,25.71027905797,13,1,1,9.98772587846519,753.0254705594837
225.29528259349564,2,22.4955927934896,21,0,0,5.089079232307582,572.3248266640109
139.73271603523557,5,28.10609273469524,37,1,0,5.899661464732235,830.1139623593324
127.39344494779496,3,24.185602112702796,27,0,0,3.4998529640581504,473.91548594103597
85.66568879275147,3,28.506620685243718,29,0,0,7.224480029813828,538.3074545166036
148.01239517635966,2,25.334909039093663,20,1,0,6.796189558706561,644.6051488268025
96.97448695048905,1,28.611939641640834,25,1,0,8.976789355382856,627.3270354355918
124.88039258581446,5,20.527336554318058,6,0,0,8.223244303017417,668.4051035044961
222.4033815307518,1,32.12231006566317,36,1,1,6.7028133376845656,763.8209501924616
116.157604011014,4,28.48811685366219,2,0,1,5.059857000822599,630.9984046018088
165.97093305142704,4,28.231486847017862,22,0,0,6.409336875780121,636.5182175897431
91.8729429949645,2,19.41165036494003,32,0,0,5.777973075736478,467.344361979888
118.60046038012153,2,33.49816208322123,16,0,0,7.90679506647596,552.0783123822769
190.8320254254204,2,24.93141950316866,18,0,0,7.652462979924937,541.6421210616742
94.9213176884893,4,28.640244312149207,5,0,1,5.4071691126904895,633.0509138237426
192.49794231987715,1,23.385877681266958,36,1,0,3.0760124403462443,567.102704179515
148.310077418219,1,26.304445323410487,30,1,0,8.66677460044085,620.0302929540209
97.50132896422929,2,26.48563676059702,19,1,1,7.16374791364641,699.5226148040125
145.29630956222084,5,10.900345339982895,23,0,0,5.361019858854662,635.5706576771594
158.9021779850692,1,27.912240623274155,34,1,0,7.085746696207342,625.0411031385743
144.87239848868785,4,34.82670730861042,13,0,0,6.149722612500058,612.6071208749278
57.191011204381745,3,27.698901294959786,29,1,0,8.637235852438948,694.8422277122104
90.91451296700527,3,20.21145875555131,36,0,0,2.1404395363899464,462.862745462416
110.0992545779398,3,28.249807830769434,22,1,1,5.205618066973135,795.7514005542649
117.02266283599815,5,30.297402650866694,36,0,1,9.198109030957376,804.1587609300897
144.82688390202713,2,27.562332580951935,9,1,0,7.126396806934625,1000.0
127.10804003733016,4,24.62936446784978,39,1,1,9.545213336628416,907.120992085332
66.58622565159595,5,23.789253870880348,19,1,0,3.5563858136730713,653.6572483724989
135.20791404023853,4,23.768451223165965,38,0,1,8.144393431876974,774.531727274974
144.42342981135292,4,28.488884505056063,6,1,0,8.024448846907665,804.3705553598404
142.3916179172416,2,17.96438002470186,15,1,1,2.636542929342332,663.4195480801822
163.23122902218486,3,23.140634195722967,20,0,1,5.408995420933832,637.8214600630039
153.35688618195616,2,32.978049115054745,9,0,0,5.786941789611833,555.8518661081599
138.36720316913747,5,33.17097633288588,32,0,1,2.760887942465189,655.6123701500934
117.19337154165412,5,17.60926456099169,4,1,1,5.450795346959122,839.31760114902
53.56156265936035,5,19.342931943681954,18,1,1,7.746366281557211,833.5673124575604
137.18472876530342,2,23.646897102360317,5,0,0,5.21815388095052,479.2354584780836
128.30750748652446,4,29.46294758557176,20,1,1,6.484266311348053,846.3350031903045
130.86315348781494,4,15.862628229735048,23,0,1,6.498740565455304,730.5320873136708
68.93005696718762,1,24.72595682541261,11,1,0,5.975713177722468,480.30531982017266
76.7577383836695,5,22.629104217101776,37,1,1,4.589635951949143,748.1089116925468
162.12611413331615,4,31.62982337142617,22,1,0,7.317627949767796,845.6245343562275
118.4177938457338,1,16.615457630153728,4,1,0,2.825932476948017,422.7600112149115
147.26002789490497,4,25.462703077468113,29,1,0,6.0171762770163655,704.4801971530345
121.13273504521845,5,23.031952813257032,34,1,0,8.770972681036177,826.7773131745679
121.1902455798298,3,32.34899463138644,13,0,0,5.105253500317569,549.7880137151739
157.5313522390399,5,27.988263231766247,9,1,0,4.545357556995445,780.3499309885889
99.35821087130505,2,22.070921703711328,31,0,1,7.451032277550755,623.1278069786393
123.84483107763934,4,29.26693221664541,7,0,0,6.326863521174264,656.3667522387672
101.5089884517983,4,23.055855733457133,4,1,0,7.490894564113865,756.0096494719271
102.62015090270738,2,29.996648556198767,19,1,0,6.076996971390544,657.4221878928244
107.63311506125443,2,23.814615045572108,30,0,0,1.2234150984976413,394.47732616978715
128.88535086534853,3,30.273332893843815,31,0,1,8.359826820851397,679.4435417622818
100.8500551334609,4,27.18040977563625,35,0,0,10.14005276495655,691.792536716039
170.23024502294084,4,41.30245540345712,21,0,1,8.568082013672573,704.7870693662339
84.21570791121985,3,24.735519972919978,31,0,0,-1.077715450139519,390.7611090435385
112.52513423354564,1,26.914311458107242,19,1,0,6.902176425011133,555.6692404206632
102.410757669033,3,22.602876291420344,31,1,0,5.066508378849908,632.0222505439904
177.8791153741493,5,25.013426703773895,32,0,0,3.831512492776582,674.2782301169109
127.86219106046299,4,11.490824329252796,2,1,0,6.245464323276546,605.4303756877316
161.2737815787454,2,27.32792008270516,10,0,0,5.702105410200558,527.18071438654
60.577585078521125,5,31.71437106474706,2,1,0,7.017315608559683,760.1781873309533
130.68201063477036,4,26.98315002299677,2,1,1,6.1131603786109086,1000.0
155.58523182493747,3,18.430692710113114,24,0,0,3.758375786222046,523.2522316535059
123.29135957101697,5,20.991064236454996,17,1,0,4.846796446514058,700.1106400066062
162.61921500261406,4,12.849039364218648,32,1,0,4.524082887349968,586.0645748155591
99.30846199598511,1,29.89462003432712,16,1,0,2.5670336465111077,494.59105382759384
176.3738976074232,1,19.9674335364521,16,0,1,3.256710712092233,515.3722253682129
211.95592494477,2,24.85645704893886,39,1,0,5.577862660229612,722.7110644838714
105.48645758241364,4,24.2313121383639,31,0,0,8.847508150614559,654.9066858343679
102.17989914396912,1,32.438635178291335,24,1,1,4.92888584060241,608.612205360796
178.13537908470803,3,25.426406589828694,1,0,0,4.4851384504944205,541.357314898006
183.1828858292285,4,29.04446460053005,11,0,0,3.637426386654348,651.2907626812766
99.08559891386926,3,27.732318820738314,21,1,0,6.061072989990701,710.9315625527245
103.19252731616571,3,31.797057099807,4,1,0,8.358518669220253,722.5590391963387
108.72861564557971,1,23.804381527485205,7,1,1,10.005365532817184,759.3003604890824
66.22197955862892,4,34.348076652522586,26,0,1,6.570798753443373,617.5823878521858
83.25392214063207,5,15.071689218003424,12,1,1,6.279987485272869,847.2629254176538
79.83436932991728,1,29.28736749000618,31,0,0,4.913053785492914,410.59143499376546
89.28809739583485,1,20.66690195667934,17,1,0,5.246866757017978,535.7779046727273
118.61260450452875,4,22.53625223610024,33,1,1,7.258350182101406,804.3047211355574
129.36858930146082,4,27.847071334505177,11,1,0,5.370249335873841,731.5129158932415
182.02001971256308,3,27.807010249238715,28,1,0,5.675435105665172,782.0745932142372
80.06583837044836,4,28.032140068450357,32,1,0,5.949305450499152,651.5176558080266
159.37289593906334,3,18.069210279473808,1,0,0,4.8183437781850476,527.1909810296391
111.44044623097965,1,32.245151156396204,28,0,0,5.850041481844897,455.08225049467467
118.02145161390268,2,20.496764408861623,7,1,1,1.9611877424183968,638.177517464664
146.99277968666416,5,21.163564548874003,2,0,1,7.097671766036925,817.9908039369029
75.09111913750806,1,28.189483690834145,24,0,0,10.70354367794411,542.6207345206001
135.29638984736204,4,23.566394126193796,4,0,0,4.895912769673867,586.0845572518657
126.65808832852224,5,26.54130420281246,19,1,0,6.7476742900033395,809.3273265282452
139.69805056032595,2,14.21699651683606,26,1,1,7.70315264049237,742.7571711305472
131.5667457563127,2,26.421622247596158,11,1,0,8.560430545434922,699.6341641402568
218.21200559643577,3,26.089159397561076,40,0,1,5.4713570225196415,753.4297522248623
94.49040062994736,5,22.450707311178583,11,1,0,2.3933654926225616,633.6499198975116
98.76012179992729,3,14.629620201176053,3,1,0,6.534463901697526,566.1718928295785
95.07437894300942,1,23.935958692591978,12,1,0,6.257257381308854,546.4270211443162
97.78091523358981,5,24.813130701006934,3,1,1,5.308667250647995,850.7391882767088
94.50451490773929,1,23.163855048347525,27,0,0,5.732975754231319,429.95376234242656
167.56066124430208,3,15.81912767783751,2,1,0,6.287360890035463,666.8532250852066
176.8201699195942,5,32.97367003658458,16,1,0,6.7235239842077,928.739275627614
97.17014825002096,3,21.805692360278137,2,0,1,6.6396194204798356,652.0668423431003
86.70577707583085,5,23.888976685385497,30,0,1,5.5646286809977425,678.1814800421109
138.85662225545616,3,12.952628393908547,20,0,0,6.768557669971902,595.14715374243
97.91107822876114,2,32.97427674349104,38,0,1,5.429938303450276,576.4019418108313
145.31727271022044,3,22.66725034132972,28,0,0,7.28405100307064,595.8427907686483
128.116920834052,2,25.492314085371014,25,1,0,4.745114329046999,572.381228656643
59.37023540011072,3,30.603687224083256,32,1,0,6.146116384299125,634.4330690625063
181.90020805320245,5,21.61847897641687,10,0,0,2.7525228357655407,628.0555288837346
191.8351069238209,5,29.81622493693272,40,0,1,5.260179061085705,748.3542537491162
95.48845238062455,5,14.693372720294292,33,0,1,7.134977442259958,735.3011458677103
104.49193760256064,4,27.754933287856566,13,1,0,3.932530266583863,643.4026507356882
131.4346156289962,1,32.86121083259826,37,1,0,5.359799047299832,629.6338829100795
133.378271599481,5,22.097915763909853,16,1,1,1.189860900179581,776.4456382614156
146.3417709069132,2,30.594408101491993,22,1,1,3.2638517829360216,726.1162520162179
200.40818155065398,5,34.169613260968916,20,1,0,3.7870508877721965,883.9510923141237
112.92211090023802,4,23.725790809729904,27,0,1,6.203502101543277,681.562431597994
88.06811021846185,2,23.312358570750696,16,1,0,6.666818024785425,609.6882039666675
64.82723087941892,4,20.508531270838482,34,1,0,5.887888868119606,659.4048398002949
90.76279840232324,2,22.45134922407433,32,1,1,5.234813234225244,697.9442088463159
118.67492108504811,3,20.9232005486369,26,0,0,5.241796503302505,524.3472051724834
191.78231454071152,1,20.504444507863866,25,1,0,7.432091498080989,659.6891701874632
99.29554803855314,1,30.99417648355678,2,1,0,6.425639693766106,1000.0
128.95151806555594,4,21.0503698735587,12,1,1,5.332108807389275,799.334760582946
119.34308415708992,1,26.292609573598114,40,1,1,8.586598990482518,1000.0
167.53573093792335,4,25.19116717608119,9,0,0,9.899950081992202,739.6935422881392
221.07729703494488,4,32.490472812855614,12,0,0,3.5085150995326595,629.0993285139648
98.76524908318717,4,22.48421883972493,26,1,0,7.045020140421023,1000.0
100.42242229927112,1,26.90574023327161,9,1,0,12.17977921537277,648.3105042625252
161.76643508276288,4,28.955348511380546,10,0,0,6.560411082100389,628.5961809896744
147.27565958505247,1,32.44874803660291,32,1,1,6.230885272328553,720.6765501145335
193.86829302944136,4,22.411233274773664,34,1,0,5.888532120212773,756.4711773877019
143.35712741303854,5,21.9105376563381,20,1,0,6.980363034981483,795.712743965102
105.62831636851762,4,19.691094730199737,39,0,0,7.5097983330997655,598.4130218209766
143.62619322769237,2,36.1814981042412,2,1,0,3.5104662516616347,660.9415434697972
164.3481432233163,4,31.92236219090194,1,1,1,5.9470327434223424,812.0776214026672
152.81928724789458,3,24.788993028439783,36,0,0,1.461004271005181,491.0856255412679
140.2909612442919,4,34.657195755635286,24,1,0,5.581366766757,807.8627583022871
162.66698758356614,2,24.490683028171713,27,1,0,4.194622812355854,635.8314612347982
166.7718236178269,2,28.622052357167647,2,0,0,6.678355158270969,562.4816473415353
175.2863596415011,1,25.050859508613602,31,1,0,2.6872389457179486,553.9663212677164
145.94839550358572,5,26.989027258752355,14,0,0,4.97536537908181,1000.0
113.31527678732583,4,26.458807212667736,2,1,0,7.933088501041224,794.1018331793754
125.86854745733291,1,22.875073133116754,29,1,0,4.6473336971115,538.5907668018897
168.26035866033428,5,30.462492690426764,15,1,0,2.190128445164228,782.000078051783
87.32257316051056,4,28.579762088419507,12,1,0,6.515066306257969,782.8123333352556
134.74693235491605,3,30.138472967507393,37,1,1,4.826942013814728,1000.0
104.26644750690558,4,26.60113592749673,28,0,0,5.6282291278542065,603.1746243096006
121.1497929173927,2,20.46715059111433,20,1,0,4.540260827074816,561.3930819832003
171.13807450429195,2,33.54693033278851,39,1,0,9.948793488960058,823.4124055799183
127.64396272079614,3,23.68721883216287,24,1,0,2.8838545282929733,618.4934463314553
121.85746192624595,1,26.820335142842072,21,0,1,11.666991223788546,656.2516552210984
65.60575436080323,5,28.176906794111346,10,1,0,5.218726938497296,788.6164492850033
149.85014264108884,4,26.787108581088095,14,1,1,6.366893152436271,915.2030682255688
145.819367245643,2,29.577085106151372,37,1,0,4.850407164791033,677.4881421036525
206.5301889322184,1,30.366889611582494,18,1,0,4.766732880289092,597.8956434829074
107.68887060187997,3,23.87583248476376,24,1,1,4.430340193134734,692.0813986302109
128.76601310655755,2,33.127336709778234,14,0,0,7.202515924087271,607.7900455524792
129.9753473484302,3,23.665482229193675,34,1,0,3.1784006127458877,645.4317268148837
183.098131190539,4,26.68374524440394,12,1,0,6.728217088485337,813.2942032947193
116.18817870452192,5,23.06160908197884,22,1,1,1.6310145298963823,764.6273053013813
131.16086103081358,2,21.63263238674605,6,0,0,6.547057542283527,468.09707505378003
144.31586038866158,2,30.220955443954324,36,1,1,7.698285211864382,827.9730406345363
127.46436492625432,4,40.609484487130224,36,1,0,3.450961785385261,789.1702960015277
102.14265541797887,1,23.191200558398414,22,1,1,7.357485203437488,694.9343834576797
127.7635997159323,5,31.076607873390394,14,1,0,6.102770821248643,790.8581060922174
162.94526999439088,2,23.37044343649903,16,1,1,9.196852910715679,799.203257101477
78.9393880235576,5,24.947575115719978,36,1,0,4.28958723537782,746.3125699657512
125.31878696587503,2,33.78791886115836,25,1,1,11.63197180744546,831.6915594087639
91.99516740243307,5,19.63232357462347,32,1,0,1.2184356913495247,609.9699400849439
167.8018651569937,3,18.309204656884386,33,1,0,5.340992398727749,654.3540654056854
59.07252380864901,2,24.564006756184256,36,1,0,2.6028605787541337,473.747197898428
97.64312610913646,5,28.318280139688373,20,1,0,9.702108353699533,812.9785018674263
135.08847500258082,1,27.31833285840441,18,0,0,5.476598012368327,479.98483330546236
182.62096116937363,3,26.80339587846498,38,0,1,5.656629845261435,668.3494845583336
117.36998955708049,3,25.17065990755789,3,0,1,6.886476196170426,663.637418756285
97.79201893227207,1,28.932700134919596,23,0,0,5.990389627345425,479.8849986120062
195.2462827776236,5,10.431637789775138,32,0,1,4.812476887197331,872.6792910768088
62.07944398335024,4,21.245973474561296,16,0,0,3.4867054987419035,442.50533704791195
32.04776173519673,1,24.531937953582762,5,1,0,6.337026804666858,480.1993704625397
137.6005780021333,5,28.522673995512548,4,0,1,6.757667265378957,759.2706709385496
99.91783102589555,1,32.44882570034283,21,1,0,7.390754472803458,664.4300100366378
79.15068731477147,1,20.5745014591643,40,1,1,9.825453700613044,777.887252849131
148.33425789197412,2,32.28539312768284,14,0,0,1.6524621911720159,428.3444235230757
129.75202855084797,5,22.737191653993186,39,1,0,5.864565605294591,807.5355202221386
97.43685477053086,4,24.35045108509657,31,1,0,8.383475671642856,767.0908442312106
68.78782405316423,2,27.90716259398807,14,0,0,5.7509551511222705,411.5637740470369
154.89829313120578,1,23.983819603466134,6,1,0,1.3236550926134596,478.82783608316504
146.00804711834644,1,30.55058803333159,12,1,1,3.4179208503001584,639.5912831037115
116.03296544882468,1,22.97697927443428,16,0,1,6.657139699354639,500.9302479995273
193.86547984190662,5,23.05232504359833,17,0,1,6.584394589766681,750.8537953453161
77.19660934695389,5,30.259899771046662,23,1,0,7.345039396682042,759.399996220478
58.97899316301044,2,21.184378058661707,14,1,0,4.437982112903631,1000.0
92.32367720475023,4,26.2446454765833,7,1,0,6.519766469838595,703.1714172112354
118.17655934578009,2,16.697586661530877,32,0,0,4.108273384207351,424.2008042259552
129.73357797290768,3,34.09819676030595,15,1,0,6.519915987287382,746.9021011515495
110.35055768574681,1,31.032759681183876,17,1,1,6.106424394207079,617.2180213641848
134.08221586057186,1,38.750535997903775,34,1,0,4.358279959674191,657.7435643799683
69.93842303238225,1,31.691818657231927,5,1,0,9.116367261525374,589.7006914721136
177.75058416293038,2,19.35174885199759,27,0,0,2.588728099675226,501.15951006060874
116.71395286429726,2,28.34324930080296,23,1,0,5.716758033978945,696.722208997757
164.6918332635251,1,20.409956188890977,40,0,0,4.31418887135138,379.4852012028455
133.70901385510817,2,32.89018753526549,14,1,1,9.668404071712548,786.1515902738804
138.27012876615134,5,19.49429856011214,15,0,0,7.196796015240838,658.4145760790304
142.79069120928816,5,19.254225578801012,33,0,1,4.701379249259221,752.5087004389001
137.9083424006926,2,16.950942731516566,31,1,0,5.440569421359255,600.2915169311036
145.70891039470175,1,22.558100893684994,35,1,0,9.722514747961057,644.9959069586446
173.16610120529725,2,21.55261087608214,17,1,0,4.107448736539939,598.9551988217552
127.86084678805881,2,18.691754470803673,28,0,1,2.471103655538883,640.3153815720516
148.36015030354048,2,34.94904552121762,19,1,1,6.582013724927628,751.4386530344434
116.41057222851093,3,27.649403481933224,23,0,0,6.62728073481564,623.1094787339034
177.60468861797892,5,27.06117269928356,32,0,0,7.33206914677972,750.9682816494932
92.9443079176292,4,32.94582209623963,40,0,0,7.345251521743905,623.4866732654249
192.03761731643263,4,26.281288960214674,13,0,0,9.541411301467598,708.1801671478792
118.39368197422627,3,21.256598992474302,20,1,1,2.5637250192479284,687.0278671068227
62.768995915278076,2,16.498951287411714,35,1,0,3.594393610709334,437.8004855033061
125.12417659643157,3,20.97471303828298,5,1,0,7.324406667892375,640.9691999493855
92.75793370100476,3,32.52707800254231,9,0,0,3.7887489965711194,489.3707428690797
153.62574195954898,1,18.7233194215692,29,0,0,3.0868240534812728,686.3326067729497
93.89504082790437,5,26.765636189989383,6,0,0,9.731689104570542,757.8266396759338
102.15266267140882,4,30.169625715427788,25,1,0,2.7601157366714255,676.23281779003
44.41837076217877,2,26.42672420221626,31,1,1,5.297455925778709,657.2560807188769
101.90774723003693,4,26.994916643952916,22,0,1,5.881265097537191,613.3348977615002
23.044826934841737,4,28.27801956436713,2,1,0,8.618273283926555,749.834142967961
56.64388706057107,5,26.896404359113248,5,1,1,2.2623938834350588,678.3089144284626
150.4165862457719,4,33.04537086236641,27,0,0,6.830950303012498,693.5399818070098
151.4320063460333,4,19.798541358861947,25,1,0,4.219245883479845,673.991105018865
137.01830247139858,3,26.20212438419393,8,1,0,7.2552224251849005,714.7164972721746
81.32095427483148,5,15.908797830014262,1,1,0,4.186384547946282,617.5468954813401
118.0915457543208,1,14.631269064067315,20,1,0,9.144612512371555,515.3780606316634
119.85589843637726,2,24.59164484574008,23,0,0,4.1980599631474895,427.67273725320774
73.6654124322983,4,27.716897844723785,32,1,0,1.0760405882201667,643.2839291492018
180.135932070686,2,33.153338886187825,11,1,1,4.422301500517397,731.5662179585262
155.09449162302684,1,37.098958665052315,39,1,0,5.47739977886221,690.6885561406465
111.16143304681344,2,31.599303353327404,24,0,0,8.164707746324618,572.3231499430069
121.07543355978123,1,28.635828721990144,11,1,0,3.4831703388701585,554.1496918977869
128.3353123179021,3,25.799824278869078,29,1,0,3.5227077457718488,620.2330525025149
38.330605263028374,4,17.343859684083114,26,1,0,7.921155807417969,714.6683646067245
110.11290469917613,1,24.269816971291007,16,1,1,3.249549764075588,617.5738273672368
92.72063008008806,2,31.451883756291128,35,1,0,5.642033117216618,659.9442936595185
79.93519960420338,4,29.491409280140203,20,0,0,5.682697633061975,560.6680011186046
108.75598828456181,3,18.56832926658526,3,0,0,6.4351590726859245,1000.0
191.9074610739809,4,28.0701282362924,1,1,0,4.500303579234799,744.9660302424371
145.6337144506804,1,27.6419640593386,1,1,0,4.146011226650874,544.9096663391928
97.15284040868812,3,26.749450600573688,17,0,0,6.669788883504585,600.6661708709747
142.90331125424635,2,24.860722223113328,2,1,0,4.208008293660429,599.2888479436336
